dataset,M,acc,rc
SVHN,1,36.02489244007376,0
SVHN,2,38.69468346650277,0
SVHN,3,40.72679778733866,0
SVHN,4,41.69483712354026,0
