target,M,seed,acc
SVHN,1,2025,53.19990780577751
SVHN,4,2025,63.17224953902889
