dataset,M,acc,rc
SVHN,1,39.155654578979714,0
SVHN,2,43.289028887523045,0
SVHN,3,45.68223724646589,0
SVHN,4,45.68223724646589,0
